Annual Distance (miles/vehicle),2020.0
LDVs,12417.758140719
HDVs,38745.467204485
aircraft,553567.780173041
rail,21433.736656805
ships,58523.34175505
motorbikes,0.0
