Annual Distance (miles/vehicle),2020.0
LDVs,12365.24266048
HDVs,38776.771234962
aircraft,946908.935637299
rail,21451.33096513
ships,58570.332235974
motorbikes,0.0
