Annual Distance (miles/vehicle),2020.0
LDVs,12073.617064672
HDVs,40758.922953107
aircraft,767622.800481111
rail,21745.86989192
ships,55598.963007984
motorbikes,0.0
