Annual Distance (miles/vehicle),2020.0
LDVs,13759.202632488
HDVs,19324.075857278
aircraft,569547.017027014
rail,236217.56
ships,251.439837105
motorbikes,2712.698861134
