Annual Distance (miles/vehicle),2020.0
LDVs,13838.644577004
HDVs,11093.057123224
aircraft,983044.218602991
rail,197599.5625
ships,236.47468052
motorbikes,2352.557388674
