Annual Distance (miles/vehicle),2020.0
LDVs,13701.618888438
HDVs,19339.643874473
aircraft,974242.49909872
rail,197599.5625
ships,250.60975824
motorbikes,2700.715896773
