solar pv,Hour0,Hour1,Hour2,Hour3,Hour4,Hour5,Hour6,Hour7,Hour8,Hour9,Hour10,Hour11,Hour12,Hour13,Hour14,Hour15,Hour16,Hour17,Hour18,Hour19,Hour20,Hour21,Hour22,Hour23
Winter,0,0,0,0,0.0,0.0,0.018719615791531318,0.18024521223087775,0.3309928480629787,0.35306010321287606,0.341603027222669,0.33927006614237565,0.3488176294675484,0.35846905749835084,0.3320714430829777,0.19286876876123185,0.034267363264992676,7.989592740730399e-06,0.0,0,0,0,0,0
Spring,0,0,0,0,0.0069609326753613575,0.09219990022802878,0.27721889412149303,0.4317675786999966,0.4935770655404721,0.5092766152760074,0.5088971096208228,0.5082080072469348,0.5135011124376685,0.5023056956097203,0.48251147959456053,0.4393976397673941,0.30510257278664216,0.0994304816583898,0.003545381778699114,0,0,0,0,0
Summer,0,0,0,0,0.016696871312136752,0.1692921234241316,0.37953963391244183,0.4809987374517826,0.5274986263748301,0.5389995073735127,0.5345216620627309,0.5332754692639757,0.5305401816802668,0.5184162042822067,0.49697746376124696,0.46249594267704275,0.3835527971626706,0.196687243084905,0.02637070693637284,0,0,0,0,0
Fall,0,0,0,0,0.0,0.020198607287077668,0.19096043488856884,0.37145253863282807,0.42837314783332525,0.4354072638684224,0.43140067957434136,0.4290057664060752,0.41876337046631906,0.41974242301938386,0.3988660101186459,0.30148793695611237,0.12435473658621428,0.012004690535272863,0.0,0,0,0,0,0
Summer Peak,0,0,0,0,0.011944441147391944,0.19019225519308713,0.42540586548019005,0.47869644906086184,0.5613887339274214,0.5797647972311013,0.5751707814051814,0.5255554104852457,0.5393374579630055,0.49064089020825374,0.5163673788334057,0.4842092680519658,0.3877349357076463,0.24072642927820687,0.032158110781439854,0,0,0,0,0
Winter Peak,0,0,0,0,0.0,0.0,0.003675212660735983,0.0431837487636478,0.10566236399615951,0.1093375766568955,0.11944441147391945,0.18376063303679913,0.15527773491609528,0.09647433234431955,0.04869656775475177,0.011944441147391944,0.0,0.0,0.0,0,0,0,0,0
