Unit: dimensionless (ratio of electricity demand in this hour to annual demand),Hour0,Hour1,Hour2,Hour3,Hour4,Hour5,Hour6,Hour7,Hour8,Hour9,Hour10,Hour11,Hour12,Hour13,Hour14,Hour15,Hour16,Hour17,Hour18,Hour19,Hour20,Hour21,Hour22,Hour23
Winter,0,0,0,0,0,0,0,0,0,0,0,0.0,0.0,0.0,0.0,0.0,0.13030917955497712,0.15145205968144693,0.15145205968144693,0.06342864037940942,0,0,0,0
Spring,0,0,0,0,0,0,0,0,0,0,0,0.0,0.0,0.0,0.0,0.0,0.0,0.0,0.0,0.0,0,0,0,0
Summer,0,0,0,0,0,0,0,0,0,0,0,0.04322377623015654,0.11402522219049109,0.22219722468314848,0.32980641758947576,0.7212967658407373,0.95,0.95,0.8824854313656958,0.10209365896029163,0,0,0,0
Fall,0,0,0,0,0,0,0,0,0,0,0,0.0,0.0,0.0,0.0,0.0,0.04159255106846518,0.04159255106846518,0.0,0.0,0,0,0,0
Summer Peak,0,0,0,0,0,0,0,0,0,0,0,0.0,0.0,0.0,0.0,0.0,0.0,0.0,0.0,0.0,0,0,0,0
Winter Peak,0,0,0,0,0,0,0,0,0,0,0,0.0,0.0,0.0,0.0,0.0,0.0,0.0,0.0,0.0,0,0,0,0
