solar pv,Hour0,Hour1,Hour2,Hour3,Hour4,Hour5,Hour6,Hour7,Hour8,Hour9,Hour10,Hour11,Hour12,Hour13,Hour14,Hour15,Hour16,Hour17,Hour18,Hour19,Hour20,Hour21,Hour22,Hour23
Winter,0,0,0,0,0.0,0.0,0.026120401337792636,0.251505016722408,0.4618506131549607,0.49264214046822713,0.476655518394649,0.4734002229654404,0.48672240802675576,0.5001895206243033,0.4633556298773692,0.2691192865105909,0.0478149386845039,1.1148272017837236e-05,0.0,0,0,0,0,0
Spring,0,0,0,0,0.009712931995540689,0.12865105908584168,0.3868171683389075,0.6024665551839464,0.6887123745819397,0.71061872909699,0.7100891861761428,0.7091276477146043,0.7165133779264212,0.7008918617614273,0.6732720178372352,0.613113154960981,0.42572463768115953,0.1387402452619844,0.004947045707915273,0,0,0,0,0
Summer,0,0,0,0,0.02329796640141468,0.23622163277335687,0.5295903330386089,0.6711612142646626,0.7360447981137637,0.752092543471854,0.745844385499558,0.7441055113468911,0.7402888299440024,0.7233716475095785,0.6934571175950488,0.6453433539640435,0.5351900972590625,0.27444739168877097,0.03679634541703507,0,0,0,0,0
Fall,0,0,0,0,0.0,0.028184110970996202,0.2664564943253468,0.5183060109289616,0.5977301387137453,0.6075451870533838,0.6019546027742749,0.5986128625472892,0.584321143337537,0.5856872635561161,0.5565573770491805,0.42068095838587627,0.17351828499369487,0.01675073560319462,0.0,0,0,0,0,0
Summer Peak,0,0,0,0,0.016666666666666666,0.2653846153846154,0.5935897435897436,0.667948717948718,0.7833333333333333,0.808974358974359,0.8025641025641026,0.7333333333333334,0.7525641025641026,0.6846153846153846,0.7205128205128205,0.6756410256410257,0.5410256410256411,0.33589743589743587,0.04487179487179487,0,0,0,0,0
Winter Peak,0,0,0,0,0.0,0.0,0.005128205128205128,0.06025641025641026,0.14743589743589744,0.15256410256410258,0.16666666666666666,0.2564102564102564,0.21666666666666665,0.1346153846153846,0.06794871794871794,0.016666666666666666,0.0,0.0,0.0,0,0,0,0,0
