solar pv,Hour0,Hour1,Hour2,Hour3,Hour4,Hour5,Hour6,Hour7,Hour8,Hour9,Hour10,Hour11,Hour12,Hour13,Hour14,Hour15,Hour16,Hour17,Hour18,Hour19,Hour20,Hour21,Hour22,Hour23
Winter,0,0,0,0,0.0,0.0,0.017949849289713583,0.1728333760033882,0.3173821410048033,0.33854197187897694,0.3275560205851449,0.32531899284609384,0.3344739522576208,0.34372850536985905,0.31841638328141963,0.1849378411667461,0.03285826018078599,7.661053900859408e-06,0.0,0,0,0,0,0
Spring,0,0,0,0,0.006674693211123756,0.08840856201591754,0.2658194177250693,0.41401292911981835,0.4732807573603419,0.4883347282755307,0.48797082821523996,0.48731006231629087,0.49238551052561,0.4816504587470311,0.4626701977076517,0.4213292355951391,0.2925564958390687,0.09534181579619531,0.0033995926685063617,0,0,0,0,0
Summer,0,0,0,0,0.016010281781433943,0.16233068751194563,0.3639326417844232,0.4612196608067103,0.5058074348001661,0.516835389803317,0.5125416772952032,0.5113467290028509,0.5087239187679415,0.49709848961861436,0.47654132831797513,0.44347771666940955,0.3677807803530156,0.18859929658281196,0.025286321067830835,0,0,0,0,0
Fall,0,0,0,0,0.0,0.019368023398705456,0.18310797960386868,0.35617809473189804,0.41075808013361925,0.41750294734256443,0.41366111719785476,0.4113646848933105,0.40154346497450377,0.40248225805497784,0.3824643009851749,0.2890904969041674,0.11924116419068781,0.011511047463660145,0.0,0,0,0,0,0
Summer Peak,0,0,0,0,0.011453275581784812,0.18237138810995818,0.4079128149512591,0.4590120444699914,0.5383039523438862,0.5559243763158629,0.5515192703228687,0.5039441255985317,0.5171594435775142,0.47046532005177616,0.49513391361254344,0.4642981716615844,0.37179094580870703,0.2308275540328939,0.03083574195095911,0,0,0,0,0
Winter Peak,0,0,0,0,0.0,0.0,0.003524084794395327,0.041407996334145096,0.10131743783886565,0.10484152263326099,0.11453275581784812,0.17620423971976634,0.14889258256320256,0.09250722585287732,0.04669412352573808,0.011453275581784812,0.0,0.0,0.0,0,0,0,0,0
