pumped hydro,Hour0,Hour1,Hour2,Hour3,Hour4,Hour5,Hour6,Hour7,Hour8,Hour9,Hour10,Hour11,Hour12,Hour13,Hour14,Hour15,Hour16,Hour17,Hour18,Hour19,Hour20,Hour21,Hour22,Hour23
Winter,0.004107052257737189,0.0009741248097412482,0.0037950279046169455,0.004599188229325216,0.007592592592592591,0.04625824454591577,0.08134449518011164,0.025891679350583455,0.009816083206494165,0.0158701166920345,0.013254693049213598,0.010104008117706748,0.009420345002536782,0.004946727549467275,0.005143328259766616,0.03406900050735667,0.18421613394216138,0.2277308472856418,0.2297158802638255,0.18459665144596651,0.10697108066971081,0.03083206494165398,0.004936580416032471,0.009736174530695077
Spring,0.0,0.0,0.0,0.0,0.005082390311693468,0.014451393024948713,0.009433525246509165,0.01698927933293627,0.00810998610283899,0.014891469790219046,0.01333796572033618,0.02434650254781285,0.04794851432731122,0.06591390377870424,0.11397491893322745,0.17285255773939512,0.2593094434517901,0.33121732512739066,0.3974786579313084,0.3068923300906623,0.16484349149626096,0.03824862682813844,0.00548772417444246,0.0007262921050890079
Summer,0.0,0.0,0.0,0.0,0.0,0.0,0.0,0.0,0.0,0.010350076103500762,0.06751538614254515,0.1669561908543445,0.27865793130831845,0.3904705181655747,0.49010819932499544,0.54470418900139,0.6231999867646091,0.6076897624247243,0.5575756071735827,0.3747882337370128,0.15861789424922249,0.005082390311693468,0.0,0.0
Fall,0.0,0.0,0.0,0.0,0.003832622202260648,0.016243730818175015,0.011158519849290118,0.003832622202260648,0.006547396262195274,0.0,0.0028644858647104325,0.014302467749582052,0.05004865633655213,0.06465553808917832,0.11604411507847397,0.2096364498340695,0.2645507398258353,0.2963445367667241,0.3000823414926267,0.22791626119719544,0.06281158769368964,0.020695161813508996,0.007665244404521296,0.0
Summer Peak,0.0,0.0,0.0,0.0,0.0,0.0,0.0,0.0,0.0,0.0,0.0,0.0,0.0,0.508523592085236,0.27275494672754946,0.23378995433789954,0.23378995433789954,0.23668188736681886,0.5919330289193303,0.03896499238964993,0.0,0.0,0.0,0.0
Winter Peak,0.0,0.0,0.0,0.0,0.0,0.0,0.0,0.0,0.0,0.0,0.0,0.0,0.0,0.0,0.0,0.0,0.0,0.0,0.0,0.0,0.0,0.0,0.0,0.0
