Unit: dimensionless (ratio of electricity demand in this hour to annual demand),Hour0,Hour1,Hour2,Hour3,Hour4,Hour5,Hour6,Hour7,Hour8,Hour9,Hour10,Hour11,Hour12,Hour13,Hour14,Hour15,Hour16,Hour17,Hour18,Hour19,Hour20,Hour21,Hour22,Hour23
Winter,0,0,0,0,0.0,0.0,0.025641025641025637,0.24869658119658106,0.458108974358974,0.4869658119658117,0.4707585470085472,0.46923076923076934,0.48230769230769227,0.4957905982905984,0.45866452991453016,0.2645833333333334,0.04585470085470086,1.0683760683760684e-05,0.0,0,0,0,0,0
Spring,0,0,0,0,0.009712931995540689,0.12865105908584168,0.3868171683389075,0.6024665551839464,0.6887123745819397,0.71061872909699,0.7100891861761428,0.7091276477146043,0.7165133779264212,0.7008918617614273,0.6732720178372352,0.613113154960981,0.42572463768115953,0.1387402452619844,0.004947045707915273,0,0,0,0,0
Summer,0,0,0,0,0.02413600891861762,0.2414576365663322,0.5373745819397994,0.6769370122630991,0.7414018952062431,0.7568004459308809,0.7506270903010035,0.7474080267558532,0.7433667781493868,0.7259476031215161,0.6979793756967672,0.6505156075808246,0.5392140468227424,0.27926421404682267,0.03814102564102565,0,0,0,0,0
Fall,0,0,0,0,0.0,0.028184110970996202,0.2664564943253468,0.5183060109289616,0.5977301387137453,0.6075451870533838,0.6019546027742749,0.5986128625472892,0.584321143337537,0.5856872635561161,0.5565573770491805,0.42068095838587627,0.17351828499369487,0.01675073560319462,0.0,0,0,0,0,0
Summer Peak,0,0,0,0,0.016666666666666666,0.2653846153846154,0.5935897435897436,0.667948717948718,0.7833333333333333,0.808974358974359,0.8025641025641026,0.7333333333333334,0.7525641025641026,0.6846153846153846,0.7205128205128205,0.6756410256410257,0.5410256410256411,0.33589743589743587,0.04487179487179487,0,0,0,0,0
Winter Peak,0,0,0,0,0.0,0.0,0.005128205128205128,0.06025641025641026,0.14743589743589744,0.15256410256410258,0.16666666666666666,0.2564102564102564,0.21666666666666665,0.1346153846153846,0.06794871794871794,0.016666666666666666,0.0,0.0,0.0,0,0,0,0,0
